,Glaz_+_w3 vs Glaz_BL31081_w3,Glaz_+_w3 vs Glaz_V106955_w3,Glaz_+_w7 vs Glaz_BL31081_w7,Glaz_+_w7 vs Glaz_V106955_w7,Glaz_+_w3 vs Glaz_+_w7,Glaz_BL31081_w3 vs Glaz_BL31081_w7,Glaz_V106955_w3 vs Glaz_V106955_w7
Gender,male,male,male,male,male,male,male
position_LME,0.428 (NS),0.459 (NS),0.551 (NS),0.006 (**),0.000 (***),0.000 (***),0.000 (***)
position_Peak,1.000 (NS),0.658 (NS),0.524 (NS),1.000 (NS),0.024 (*),0.009 (**),0.008 (**)
velocity_LME,0.316 (NS),0.066 (NS),0.510 (NS),0.328 (NS),0.229 (NS),0.000 (***),0.000 (***)
velocity_Peak,0.788 (NS),0.494 (NS),1.000 (NS),1.000 (NS),0.024 (*),0.093 (NS),0.056 (NS)
low performer_LME,0.337 (NS),0.344 (NS),0.333 (NS),0.001 (**),0.000 (***),0.000 (***),0.000 (***)
low performer_Peak,0.892 (NS),0.852 (NS),0.524 (NS),0.786 (NS),0.026 (*),0.017 (*),0.011 (*)
middle performer_LME,0.613 (NS),0.551 (NS),0.475 (NS),0.029 (*),0.400 (NS),0.000 (***),0.000 (***)
middle performer_Peak,0.481 (NS),0.165 (NS),1.000 (NS),0.786 (NS),0.024 (*),0.004 (**),0.151 (NS)
high performer_LME,0.453 (NS),0.487 (NS),0.569 (NS),0.115 (NS),0.000 (***),0.000 (***),0.000 (***)
high performer_Peak,0.970 (NS),0.355 (NS),0.762 (NS),1.000 (NS),0.024 (*),0.002 (**),0.008 (**)
