Glaz_+_w3_mean,Glaz_+_w3_sem,Glaz_+_w3_N,Glaz_+_w7_mean,Glaz_+_w7_sem,Glaz_+_w7_N,Glaz_BL31081_w3_mean,Glaz_BL31081_w3_sem,Glaz_BL31081_w3_N,Glaz_BL31081_w7_mean,Glaz_BL31081_w7_sem,Glaz_BL31081_w7_N,Glaz_BL41552_w3_mean,Glaz_BL41552_w3_sem,Glaz_BL41552_w3_N,Glaz_BL41552_w7_mean,Glaz_BL41552_w7_sem,Glaz_BL41552_w7_N,Glaz_BL65881_w3_mean,Glaz_BL65881_w3_sem,Glaz_BL65881_w3_N,Glaz_BL65881_w7_mean,Glaz_BL65881_w7_sem,Glaz_BL65881_w7_N,Glaz_Trip3_w3_mean,Glaz_Trip3_w3_sem,Glaz_Trip3_w3_N,Glaz_Trip3_w7_mean,Glaz_Trip3_w7_sem,Glaz_Trip3_w7_N,Glaz_V106955_w3_mean,Glaz_V106955_w3_sem,Glaz_V106955_w3_N,Glaz_V106955_w7_mean,Glaz_V106955_w7_sem,Glaz_V106955_w7_N,Glaz_V3135_w3_mean,Glaz_V3135_w3_sem,Glaz_V3135_w3_N,Glaz_V3135_w7_mean,Glaz_V3135_w7_sem,Glaz_V3135_w7_N,Glaz_V60000_w3_mean,Glaz_V60000_w3_sem,Glaz_V60000_w3_N,Glaz_V60000_w7_mean,Glaz_V60000_w7_sem,Glaz_V60000_w7_N,Glaz_V60100_w3_mean,Glaz_V60100_w3_sem,Glaz_V60100_w3_N,Glaz_V60100_w7_mean,Glaz_V60100_w7_sem,Glaz_V60100_w7_N
0.0,0.0,7,0.0,0.0,7,0.0,0.0,6,0.0,0.0,7,0.0,0.0,4,0.0,0.0,5,0.0,0.0,8,0.0,0.0,7,0.0,0.0,2,0.0,0.0,5,0.0,0.0,6,0.0,0.0,5,0.0,0.0,5,0.0,0.0,2,0.0,0.0,5,0.0,0.0,5,0.0,,1,0.0,0.0,4
0.41085159644937974,0.10325158935318766,7,0.030459225870468502,0.0076896882342555335,7,0.4647252545062608,0.058509206297049886,6,0.0980601445931936,0.024912690058824054,7,0.7444905458865476,0.1891851297048743,4,0.10564367227912179,0.05181163510215151,5,0.6441314974957426,0.12833117102809197,8,0.1156854561200279,0.03378139101720641,7,0.6143631696235999,0.19498177560979585,2,0.154407528652909,0.037470654252887044,5,0.3777823832942084,0.08361311658553429,6,0.1150282501660634,0.020875929217345754,5,0.6419105629344891,0.19796325289286532,5,0.08242683443789744,0.054251690341276436,2,0.6017908203742597,0.11613097084344565,5,0.08570027415092192,0.03795575539914436,5,0.3568273054269559,,1,0.16593553283597784,0.024909351463190378,4
0.8829753541811823,0.20950105739586528,7,0.0527301306013635,0.007519598332177749,7,1.0362875586479028,0.14982446133603528,6,0.17625406709127267,0.05175034248968519,7,1.5953580557433718,0.33141999473038763,4,0.27165481015425497,0.11004568550143838,5,0.9708504869145465,0.13162114495772223,8,0.25939736377189887,0.07531395616511698,7,0.8631977027128988,0.06323813155335482,2,0.33305648649729563,0.08820584875836439,5,1.027906010279422,0.20377194394867665,6,0.20860258580658647,0.04055608856921935,5,1.2801004367466706,0.38428665187172195,5,0.06202045849680646,0.028531026273094548,2,1.3130763876576454,0.20754834592393684,5,0.1893249583364531,0.0691264360105004,5,0.5714143854815683,,1,0.2917392168422533,0.08654920447637471,4
1.494589598508593,0.32882341618161515,7,0.07034697245069299,0.017189626925172816,7,1.5760259159060521,0.21402386524991313,6,0.2742258284738768,0.07577770990183776,7,2.1393708991852405,0.3470250699866154,4,0.40729094519271875,0.13811353088084125,5,1.4017136130242447,0.17156113410061705,8,0.30449008178152087,0.07943298227105243,7,1.486419427891473,0.01697950088187128,2,0.4186274370835199,0.11066403550519006,5,1.5669601850860015,0.2769419741185999,6,0.3056953261780919,0.06455762991748536,5,1.9552774130636887,0.5472761521850259,5,0.11442319288730485,0.06322517043186253,2,2.1638670359911707,0.29092052167839094,5,0.3138414156519017,0.12533018440750768,5,0.9008920985309634,,1,0.5255721752684904,0.12286497241573151,4
2.0376565040281522,0.3857911100307779,7,0.11796935225015989,0.021238918774777543,7,1.9824213525173748,0.28357209765650954,6,0.37907870968927554,0.092635236789055,7,2.8092936605058494,0.3100457837683377,4,0.5326833123782049,0.21634200443483484,5,1.7663875999302767,0.19499731706784607,8,0.387265096929569,0.1019158489483694,7,1.930225274568392,0.06748589630889501,2,0.5271320464007034,0.1404525476300638,5,2.2180072255723102,0.3628825027955405,6,0.4895525000978439,0.10082339396477269,5,2.7118703621187543,0.6774898938917782,5,0.24203176180156616,0.13704663576533993,2,2.9799852137160063,0.3467237391027933,5,0.385237309099022,0.1522404579584775,5,1.2680118637217133,,1,0.6706513692034359,0.17420248801418298,4
2.6611529472303546,0.45373143907712987,7,0.1549090602588359,0.02952130825179648,7,2.7791727442528913,0.36581448187160603,6,0.5041304972392932,0.12216884368575924,7,3.5729951143073855,0.43721503529433114,4,0.7859152248990441,0.2954964837081257,5,2.2644856083868445,0.14759073382556825,8,0.5359987025522921,0.12475586332819233,7,2.602679139811416,0.013395171122274618,2,0.7071020317651924,0.2224185555837319,5,2.8470261086509416,0.4135551657352009,6,0.6679733987356212,0.1681685854163127,5,3.427748902142995,0.7656775652185818,5,0.33656106585862344,0.17531674263163285,2,3.770749105721182,0.43137780304458306,5,0.6991661200699781,0.22467699885061165,5,1.7563982072062638,,1,0.865569818081974,0.2334864212871904,4
3.22420488031608,0.508308337642496,7,0.16138707635594146,0.03332626957506035,7,3.2612936672866764,0.427559691182816,6,0.6769479636412207,0.15507000332805193,7,4.031428994385534,0.4480295490720953,4,0.7666879714833326,0.22496226557713278,5,2.645542710219443,0.2255168197503089,8,0.613390567390813,0.12725957455366663,7,3.239952370757122,0.09125540093293959,2,0.8440486669878065,0.2975585514380037,5,3.329286763085776,0.4017555513300643,6,0.7352484679138213,0.19651025682324583,5,4.159344024947399,0.8751630337462324,5,0.34511146847192276,0.1239537536196628,2,4.575516677187508,0.44058153236379705,5,0.6854596715161362,0.2683099592207941,5,2.3768540004306957,,1,1.0349225107212079,0.3117393692642755,4
3.815369903979136,0.5745223416324194,7,0.1906748519154972,0.043054415657203936,7,3.6454198111769216,0.45368976466888583,6,0.8941632118550746,0.17443721305497267,7,4.465787576543197,0.7096274490338456,4,0.8098369874987836,0.29538250334401817,5,3.1542449714232417,0.2115750116282241,8,0.7079045423625069,0.14073987664182397,7,3.654783298600581,0.14977376934439235,2,0.8297899197278005,0.2419498202246084,5,3.882802708881154,0.464117650490942,6,0.9514429657732053,0.24450668771405706,5,4.861057347288439,0.9491545395996014,5,0.4927713233193203,0.16645072459816587,2,5.30949534199097,0.4598222374601898,5,0.856083023381457,0.2675749074045742,5,2.818596339856576,,1,1.2687620198725749,0.34110773123126,4
4.398264489672933,0.6170001518756075,7,0.2234101323635961,0.052655561696578465,7,4.355908183624788,0.5326080439870197,6,0.8920643167261476,0.21854202574903916,7,5.153194895042685,0.7309500060762096,4,0.8677894792515779,0.30234666394495685,5,3.4493741120462285,0.2702821344868272,8,0.8005554386201589,0.1551824514576963,7,3.8759706495651827,0.25016677967632556,2,0.9902045755157138,0.3292697812482024,5,4.530590472214409,0.5133385577620607,6,1.0362295543723412,0.2131269799367885,5,5.4973016681394755,0.9934703799138501,5,0.536439129948798,0.2001401600299763,2,6.0178926981378185,0.4494846528165474,5,0.9017716821875605,0.3104738563682215,5,3.392002689827496,,1,1.4165679479480604,0.381687793300362,4
4.961734060681396,0.6627215504945608,7,0.2570374416373353,0.06690084507616009,7,4.692719418692444,0.597726722763145,6,0.9349131246450361,0.24895873520891829,7,5.517506117759026,0.7770271957912285,4,0.9020738901806007,0.28332320391194316,5,3.7048355948987384,0.25818291849585134,8,0.947252491362123,0.17711667143845686,7,4.449413548234778,0.05503779780663809,2,1.005737729375995,0.31616619593324197,5,5.122907574372747,0.6170626959943095,6,1.1948720105237047,0.24373987457254975,5,6.103010212120238,1.057425298815328,5,0.6844410586998726,0.19422792761007912,2,6.724897076803589,0.48964146639013945,5,1.1680825401235735,0.3686822820109512,5,3.9079027060886258,,1,1.5786708035125807,0.4253634460670072,4
5.58182363338142,0.6796332052124815,7,0.273127661280279,0.06973596405912097,7,5.2097459092840515,0.6527331876259638,6,1.0982703194015278,0.30702522455094905,7,5.650936224886572,0.7000173946357349,4,1.2788066528104665,0.38578615453443976,5,3.888931198557901,0.26281278391426455,8,1.0501543914558131,0.21951580167307422,7,4.860873066060169,0.005140505810663497,2,1.117041693023431,0.3322534250888317,5,5.543290001258447,0.5523808719409217,6,1.3303139272902758,0.26475221588518494,5,6.616766649340107,1.059072645428125,5,0.6559592503258216,0.25786483906573604,2,7.366215857711184,0.5092497636293365,5,1.5981919646039637,0.40703513181315437,5,4.343232974416287,,1,1.8774983049214844,0.43620738343463306,4
6.0598456589409695,0.7050926699917445,7,0.3136580349905794,0.08185509288517387,7,5.518545245064684,0.6419314649483171,6,1.1027550697683586,0.3142406554394977,7,6.030352994962196,0.7240992466176307,4,1.3373747243298866,0.5878480935542066,5,4.354253982916335,0.24950828020966792,8,1.1161261721825892,0.22819491559933133,7,5.015767375732377,0.3424620819640207,2,1.3993475495627243,0.43560579395745913,5,5.8306608760993255,0.542008083050024,6,1.5628188084747303,0.2994168834227573,5,7.138829177266973,1.0343753861190712,5,0.7114173276149238,0.2685733426082259,2,7.961508235799334,0.4560137268703384,5,1.4048550939087403,0.4451133451753517,5,4.890349355583305,,1,2.0270614686032205,0.49869511635343394,4
6.533656792398248,0.7030239240115547,7,0.31179333965009126,0.09553031632065823,7,5.855873712951802,0.6787380870780787,6,1.2584495456842144,0.36646194181434477,7,5.880517910332875,0.8532215643819108,4,1.4009390182506514,0.4035439648788571,5,4.632940049260034,0.202967279324995,8,1.253734480047374,0.24524642099022476,7,5.330045394459853,0.16661351910418928,2,1.5100725495786613,0.43906715483060965,5,6.149628921199642,0.5643514385335862,6,1.6902926882262261,0.31848049461225986,5,7.645279182189064,1.0014195377335073,5,0.7637705236800338,0.1822659115252998,2,8.4125084458282,0.43930173115377047,5,1.6495752066661982,0.5442060750138191,5,5.364476494995668,,1,2.119295533191819,0.5861525210243993,4
6.9342463988862795,0.6573069296055065,7,0.3571776515005797,0.10204293766220171,7,6.078276443329798,0.7633752542951097,6,1.440881044292359,0.4122154187948211,7,6.117222396766203,0.8224276000879175,4,1.322843839308123,0.37357236868849514,5,5.150056689079231,0.28265212350576585,8,1.3847540383604005,0.29417534943861817,7,5.643372997984942,0.2635655022101089,2,1.5763114052158445,0.47951919826085515,5,6.5394587767591466,0.6023289187081323,6,1.785680138932213,0.33299464256969863,5,8.009352355251703,0.9461147333228275,5,1.017680367754946,0.10348753579526429,2,8.830312833871446,0.3648471945326338,5,1.9731524945510042,0.6413004452062333,5,5.709745959798072,,1,2.3807323398327846,0.6401519707891654,4
7.241271479970044,0.5924621748017946,7,0.4013600092871372,0.10074463303423324,7,6.319168921194496,0.7252395047106118,6,1.578370694838079,0.4665160898102216,7,6.723065802149813,1.0609233146130497,4,1.4661638674230961,0.45766455796949257,5,5.25813574907599,0.3072588168238117,8,1.5522708843059798,0.30751352203012505,7,6.1013070897726305,0.03525387355983733,2,1.5590075538706532,0.5032250681324598,5,6.756437858965693,0.6366298072668325,6,1.8805168356649198,0.36879068316628416,5,8.325208706650418,0.8777234445820229,5,0.9527325382462392,0.26900832214520276,2,9.168204923051897,0.3741781359310552,5,2.179496501688326,0.7278153268558927,5,6.101258019904771,,1,2.5132326294382015,0.7370350662731725,4
7.599759802758888,0.5568456867035356,7,0.3957864110139037,0.10730797660274305,7,6.472655202412908,0.7601212028328925,6,1.7919249925844931,0.5237331442196851,7,7.053117214866049,1.1197951652553946,4,1.4553234328339182,0.41243154886452177,5,5.3868802323259155,0.3629872623546338,8,1.4706722776880332,0.29112739758585277,7,6.4742241758092005,0.18337630609409847,2,1.565585586623952,0.4922133983646152,5,7.16521613609578,0.5611419243109353,6,1.9852335801547984,0.4203269564690579,5,8.518137116206317,0.7943483551337422,5,0.9731912966993217,0.31613918007904807,2,9.280537321466444,0.2829126700549263,5,2.0128511770917386,0.5995884242101874,5,6.567931438760921,,1,2.7731173167267733,0.783380721614719,4
7.876548383762097,0.5267226763060808,7,0.39926819492940335,0.10705375102513405,7,6.713209310204641,0.727994692702127,6,2.0614924616958423,0.5441779726989596,7,7.130936877272415,1.156471266757486,4,2.7733513914595305,1.1630629509989634,5,5.652399794767248,0.4106951032513662,8,1.650283421365948,0.3317622025054801,7,6.3344560084092585,0.2635694426647386,2,1.6211242139429367,0.48400497925371316,5,7.344736215371943,0.5601995647443961,6,2.359234635998651,0.45919993014466454,5,8.341678704724448,0.6223938919273015,5,1.0071926007362348,0.3688728279825692,2,9.228978478194584,0.3612583004638815,5,2.611505095619914,0.8247619728904466,5,7.009873890710963,,1,2.9753134653492284,0.825720256902136,4
8.089265270361457,0.4872990934099879,7,0.4496184211663619,0.12274398105263859,7,6.9956837529366,0.7522274579266708,6,2.2265371752259884,0.6130836212169605,7,7.203707107016829,1.0055869496663141,4,2.12749273980868,0.8610241385356399,5,5.695573171118297,0.3780727909151884,8,1.6664224402913368,0.34916260784770564,7,7.004869823391349,0.6547360354662533,2,1.8258685939560686,0.5453468110948617,5,7.616049955499459,0.5899834720678032,6,2.2416831920402385,0.435875883756263,5,8.525494017774275,0.5707962967401958,5,1.1419528331360957,0.35122663306616975,2,9.063057463250846,0.39832615891612083,5,2.2184046323638595,0.5729126338232298,5,7.333722975621935,,1,3.1954385936710397,0.9066318718255844,4
8.341849271342227,0.4108049058951364,7,0.39802289441637256,0.102657927884514,7,6.956342092893156,0.849259785926981,6,1.9879776070540196,0.49819523057198584,7,7.612612112481887,1.0563393410382713,4,2.0009757244296247,0.6589922363959249,5,6.045393550038327,0.40382458520154774,8,1.752339926479456,0.36964329487402664,7,6.924604623386711,0.6632330806190571,2,1.6919860705825076,0.5285289747368485,5,7.763776923746057,0.599954684642066,6,2.348053679753442,0.45344893708821726,5,8.766252739149417,0.5393726214833402,5,1.1644047404697804,0.45401705075465976,2,9.177251594384249,0.25906738473405766,5,3.334792768063784,1.1645748891926397,5,7.612754399802297,,1,3.4029115287848475,0.9691502599574314,4
8.434028497323514,0.3745335483522634,7,0.39647423882890453,0.1152592753682657,7,7.067115749370092,0.855224418002686,6,1.9898617491881094,0.5013496640332036,7,8.241759339644755,1.1006188560525099,4,2.051102239289936,0.6917713778962206,5,6.301187004608726,0.4312238664719135,8,1.7799684369461644,0.38370318367902423,7,7.246451866551833,0.5805342738047083,2,1.9087362609021217,0.5901040015506359,5,7.918677577667407,0.5634521802333022,6,2.6341757202232903,0.4846062668168425,5,8.697354930016077,0.3878366868453145,5,1.4219578815685496,0.43193815993897355,2,9.449291888684783,0.31864252405230026,5,3.3962757081597323,1.0438978178138603,5,7.942100026457169,,1,3.5923096490632007,1.0552107116759373,4
8.681417094526799,0.37268048954117067,7,0.4136977988935806,0.12411064945298966,7,7.212448627885814,0.8097101943676951,6,1.706024461909283,0.41994894663519655,7,8.278089275481983,1.0109564886974467,4,1.962971851219693,0.5321396998197813,5,6.336593160346504,0.40908953000132237,8,2.3339973388679462,0.5797696639878751,7,7.693345951167946,0.8430486006879548,2,2.06467017453943,0.66652568022962,5,8.262221799803509,0.5004059678315714,6,2.5071127068528236,0.47387207696801525,5,8.682238361735768,0.36076339616080233,5,1.7035231229504308,0.72999217510727,2,9.510501277360799,0.26295012017098796,5,3.457052585650054,1.1079393235952022,5,8.131335551532061,,1,3.701476494253251,1.130066917492319,4
8.659303019718152,0.3357068823096813,7,0.4190318427538117,0.11810359316553631,7,7.330148529363419,0.7255120811127642,6,2.1455028105720872,0.5623827794536105,7,8.224150932214188,0.9878478222437423,4,2.139373837145874,0.6033468637481654,5,6.658191545170065,0.41821961160922055,8,1.918350438452006,0.4489046118339707,7,8.010508378600761,0.31536429026168245,2,2.190405135702405,0.6775177048377508,5,8.248207662758285,0.4878802743511668,6,2.7983101571482916,0.5217090077936645,5,8.658509167633042,0.3639947235848612,5,1.5729536678286697,0.6215715554241452,2,9.30464651136505,0.14450291981865226,5,2.9794128923849006,1.1642560255648275,5,8.194532801259424,,1,3.8384973697850464,1.1887460503351934,4
8.824926045148173,0.3571529574841371,7,0.3909214932604705,0.1034825566595837,7,7.4341763811626835,0.6910541789982416,6,2.1608707963475053,0.5243428368847304,7,8.2696227808496,0.9401338545284502,4,2.753408509814899,0.9128370014780692,5,6.603004170459505,0.4156554276077979,8,1.9803317769757016,0.4104914198247382,7,8.235709919394992,0.5490722098116575,2,2.1848942872358648,0.7179581806346528,5,8.347149652430906,0.5255897896898608,6,2.9213311030004925,0.5172709789247809,5,8.655946492251928,0.25817831216594583,5,1.6509580667190313,0.7851309854687986,2,9.444637732260835,0.21144724859482966,5,3.3807391759105876,1.0230249622909584,5,8.443091274875925,,1,4.093384338405603,1.2310415446471172,4
8.864771818984385,0.2780872112681442,7,0.3624394140960819,0.11689262806589419,7,7.669758893367465,0.7503839244067072,6,2.45695676661606,0.709763612821306,7,8.350387106904025,0.915291380244312,4,2.0999973707807156,0.5337448967181759,5,6.887227504990459,0.34255046632319797,8,2.0793258751515866,0.48413568496362647,7,8.17476940720497,0.13799131452393262,2,2.3167781756978583,0.7680272707063971,5,8.429323745077296,0.5045613510472683,6,3.047929440664524,0.6215983195404942,5,9.095846582932127,0.22827314014367225,5,2.049069229795391,0.8892986855829669,2,9.427044327716022,0.1267002112938595,5,3.2625288734035096,1.498320910897869,5,8.830672736261917,,1,4.210417734144956,1.2510851737061843,4
8.964199319097194,0.303348221690711,7,0.41140741033231426,0.13181130435519925,7,7.765075375520122,0.6279222215667771,6,2.8962278997629993,0.7569626125202431,7,8.752520600560132,0.7620965070777082,4,1.9786292457100434,0.6998938257136297,5,6.830767422257603,0.4594258038570036,8,2.1025721811947244,0.410993015760134,7,8.369181057974671,0.0628907857992349,2,2.4020307468961226,0.820409126337807,5,8.481047790306397,0.49128335490326275,6,3.029528890934685,0.5393957707126319,5,9.089048356449913,0.13615399758068758,5,1.727381481222885,0.608071646711945,2,9.517886451478844,0.1733943814973957,5,3.6286040095091194,1.0917354672788673,5,8.810954880475368,,1,4.252376100663543,1.2086538414165733,4
8.984316738233165,0.3365154713765317,7,0.4556751261674218,0.14111039641419768,7,7.822461613899037,0.5812085397269984,6,2.887678445274408,0.7053499588083638,7,8.867614617336802,0.6940022147474536,4,2.224468837539935,0.7824290387024908,5,7.296252497022271,0.3942147418703111,8,2.3113594512435407,0.46553597878456693,7,8.486631337774146,0.17256177047343788,2,2.4674192561027875,0.7940355971470335,5,8.276997021094918,0.5423150599829002,6,3.067200060406158,0.5978923992221987,5,9.11509888893232,0.17830847101831487,5,1.7722155158812236,0.773330543742274,2,9.365340609371694,0.11600176706345347,5,3.8210882187823203,1.1036080948560605,5,8.785975288189203,,1,4.430415609056352,1.2055192238867871,4
