Unnamed: 0,0.0,0.5,1.0,1.5,2.0,2.5,3.0,3.5,4.0,4.5,5.0,5.5,6.0,6.5,7.0,7.5,8.0,8.5,9.0,9.5,10.0,10.5,11.0,11.5,12.0,12.5
CLK_Out_w1_rep1,0.0,0.5639345002312326,1.0007504677616934,1.7041204607871103,2.3254982774330952,2.861837393001065,3.370079827778247,4.060537428133031,4.5715706737169,5.222780156095215,5.915189262635702,6.33056459669814,6.648202826412646,6.973658550850731,6.48891259315193,6.557141463318411,6.960462677240047,6.14210020764433,6.6835905826357,6.41925407657419,6.29300047819131,5.624814897789397,5.556412726923576,5.976870511726035,5.961315689169419,6.116796978930207
CLK_Out_w1_rep2,0.0,0.48136160872539,0.896753642392327,1.4847295321454674,1.982433712049314,2.579858292664194,3.1944111371656634,3.802993468085019,4.359127531257078,5.06605411840581,5.787689367491911,6.501196526645872,6.876729591185453,7.372857219638476,7.863914722400205,8.198758536197772,8.701155736731627,8.989600952666718,9.31290953932797,9.476523639805391,9.840413937195429,9.949732528943958,9.983621642996436,10.025593261913931,9.508423766767647,9.954643090538204
CLK_Out_w1_rep3,0.0,0.3422842359467479,0.8194399922023814,1.3784544793375717,2.049461317195401,2.319373003226938,3.0058021520640734,3.7707162272334074,4.088743508314085,4.8298475827369804,5.453163896557377,6.156494970449171,6.69980229835322,7.039619720871542,7.126308353696355,7.443965896132733,7.723047770287573,7.645679197595388,7.980147146279501,8.03803782752407,8.058212567206459,8.311557817260537,8.182255671012486,8.04308858857043,7.817025177601744,8.244089659070047
CLK_Out_w1_rep4,0.0,0.399376589502886,0.794868020400241,1.242148874522284,1.905452565910724,2.5173903772850954,3.015021416400549,3.592994976735083,4.245930263297899,4.953084282006934,5.600024766270397,6.276340478141335,6.759655064519183,7.352161473335376,7.819994040796041,8.22617499530928,8.527084249039852,8.698178126876696,8.8185862446657,9.256771910276845,9.18220871490538,9.265644830705364,8.77378443072586,8.419449210685112,8.89424547245492,8.580089570498645
CLK_Out_w1_rep5,0.0,0.42126986074203,1.0371925879577977,1.7314492268402164,2.495886984444154,3.112456761771649,3.8138257140098615,4.430976554825154,5.148195435889462,5.770396669461173,6.271554541615744,6.892196971245847,7.402363185138302,7.918862251281569,8.403233678772084,8.808588551571345,9.10370845987591,9.03204993336025,8.903310958174217,8.936352898468757,9.009508258429642,8.902926442111262,8.499329689165073,8.00859468891855,7.707104708359635,7.389736700116235
CLK_Out_w1_rep6,0.0,0.4157456949868496,0.9549705903878376,1.4384547475250122,1.993718324621461,2.6338459002259347,3.3937340716629425,4.0942973237958125,4.82312716786976,5.40645394251189,5.917194319495889,6.466957096696073,7.050064468343562,7.408372938277147,7.811378585428112,7.962629460914188,8.179790165528491,7.994945706632419,7.952423525022691,8.455419246953374,8.507814486896354,8.53750204078958,8.736858619521895,8.768285398439483,8.52126060863119,8.134233660465828
CLK_Out_w1_rep7,0.0,0.4253536025237434,1.0346140539978723,1.674894367751342,2.399774897900262,3.0907007587382718,3.6551773449943648,4.486086092436552,4.949427776184534,5.743988439679454,6.459321242786067,7.001682135276737,7.665417266757129,8.075945169015833,8.64922560333666,8.802762207544372,9.045981869482684,9.232707284053332,9.398958600864232,9.36430577191268,9.467864800619193,9.12890700093823,9.137724340244624,8.54613148141081,8.24902112204582,8.218625368064677
CLK_Out_w1_rep8,0.0,0.2094989527351271,0.7314191278809892,1.1792589873545107,1.6367508497510126,2.290892268798977,2.893198270413201,3.5278877534399675,3.9035015322613615,4.561444049793614,5.219271237984462,5.701918156804723,6.332257820525193,6.762353869814012,6.731669377081502,7.252125290772305,7.002431949682785,7.139611810706697,6.904664901280347,7.117148590194324,7.008725249287614,7.123794069515458,7.104046333131002,6.326812562982626,6.619556497246435,6.269365379608983
CLK_Out_w1_rep9,0.0,0.5582813408351293,1.12996767968643,2.000194602328334,2.735730712248415,3.452302392551071,4.261512649027233,4.985002070665198,5.581739479410108,6.310199842791172,6.937925103915808,7.633389985619603,8.026966152129273,8.465279757841273,8.868356369403369,9.145197155896248,9.067501681202296,8.337262506983066,8.075418060361962,7.881654738711072,8.169873862176585,8.37619901005242,8.185891326484695,7.983350152600186,7.4239443984166655,7.798854695862794
CLK_Out_w1_rep10,0.0,0.5144508569264096,1.003828700039203,1.6533474918219129,2.570678640829404,3.29192157228556,3.507809133376203,4.234351009727496,4.363033803544376,4.902155053389073,5.196414714832737,5.641479050399584,5.653455850027378,5.811473045279318,6.129714587133689,6.769238061902714,7.007984573051035,7.401516192422854,7.954882626680486,7.849153964531308,8.154810192320403,8.254401033140667,7.191445996699499,6.938066780271652,7.337848125734427,7.614121802147159
CLK_Out_w1_rep11,0.0,0.7402003375119123,1.4198481875971911,2.2238284602026868,2.994749662799704,3.986797958823269,4.696424236102319,5.219711792700496,6.166578532504243,6.7802947315612965,7.4362308872020115,8.167823466408935,8.339707690956736,7.909712784166039,8.073598488838789,8.394985228322023,6.989905887716033,6.985738288166084,6.364184898385771,6.0174951130712415,6.197392559949305,6.627917174358755,6.903546198514407,7.111829020087926,7.276259002448122,7.568972079297072
CLK_Out_w3_rep1,0.0,0.7278257188516214,1.419351274250551,2.06182518076292,2.83715696318866,3.753272668281865,4.266559843171907,5.124064629012942,5.690358850160614,6.49225209704349,7.042729317301696,7.617231519799544,7.523384967963676,7.696607573479279,8.191437192747877,8.398694249142224,8.348320347931345,8.02681709478022,8.180730988399633,8.344314444771404,8.303040186730355,8.522440406233844,8.43676844777449,8.642573004771336,7.258290410293066,7.651369164796246
CLK_Out_w3_rep2,0.0,0.4258846326287235,0.9028348261179237,1.397218747776547,1.880575549612796,2.38850381551989,2.822357976880032,3.551942016178917,3.977531234593824,4.660874981339477,5.419443731192022,5.981009287255306,6.373135988748382,7.121912063140695,7.897087654486469,7.673354829024324,8.236556882811785,8.723001157362706,8.140138992995265,8.328054880021469,8.633277324886098,9.29186943307524,8.831970499907792,9.188322776003664,9.65290378984094,9.930573768393248
CLK_Out_w3_rep3,0.0,0.3475921336985894,0.7211219536818462,1.3808303785237397,1.8867486472273505,2.445702349108313,3.007760540075106,3.665847299184237,4.04580620926812,4.546118525258133,5.191861090030645,5.796885461774353,6.602079162695816,6.772545295371687,7.322494832931679,7.916246554358836,8.135270597303652,8.474622175217643,8.907723054493609,8.995192185078928,9.079360633392923,9.1306278169084,9.253804340702112,9.072884774661851,8.033628618168985,8.32842195230042
CLK_Out_w3_rep4,0.0,0.2366794340892586,0.626926221056783,0.8512977590505927,1.2041501072256935,1.649575652509374,2.043419275728858,2.674117702294752,3.0214147436349403,3.710478247301853,4.178337136406023,4.478860334935657,4.740200823540228,5.193478767763635,5.766165424522828,6.231681081855475,6.478274286272871,7.024733260180788,6.983622058208272,7.326303542577435,7.768510157459421,7.630649884694341,7.353931957210649,7.128572269181122,7.1477625068113,6.940372999605174
CLK_Out_w3_rep5,0.0,0.553042773351783,1.0871313609255977,1.741354098822718,2.520485540591177,2.994363540955713,3.85907450961205,4.529407833177706,4.790253156549833,5.583574387062383,5.904465046757651,6.456132206524942,6.612328515497293,7.108741477981664,7.216858014902146,7.330800020486755,7.626395571646525,8.15901424860849,8.168338299271408,7.99768290641315,7.703407527672818,7.901439002737311,7.457411275012642,7.603879854991455,7.46899475555151,7.699041750063066
CLK_Out_w3_rep6,0.0,0.4658157822844487,0.9856148292244536,1.6418861530522186,2.1894964260087173,2.780117823933804,3.392014573635464,4.273940797762739,4.7642474884809305,5.490197164425794,6.140713013489524,6.743112956682803,7.233895746282378,7.682958919511713,7.838446128925452,8.48945321816589,8.498799527000136,8.424334835267237,8.36359496761267,8.20156411045825,8.618146933088571,8.659508019601457,7.892688689068883,7.256892427050509,7.221594141708114,7.344867980727009
CLK_Out_w3_rep7,0.0,0.3146436087905278,0.7292066136573512,1.2271751883163455,1.629599959511054,2.171237835577341,2.563247534621476,3.1250006834081403,3.5373475795415343,4.124140853304162,4.681245541907081,5.203545716737105,5.648276358068818,6.056836842764037,6.325189451855219,6.56071916393741,6.961060623259457,6.517538242984784,6.385946527309052,6.579632749556111,6.849753902212327,6.864552659232039,6.952071397963003,7.137712175459993,7.542806389035513,7.916315146592281
CLK_Out_w3_rep8,0.0,0.6484270534634584,1.2820630614148292,1.9802066204070767,2.7856525999543,3.6087787392184234,3.798455885964004,4.69273731086632,5.379923959190423,5.993509762650694,6.697744012413137,7.187031249051602,7.705647068567575,7.751199315496819,8.470907765895879,8.793002658041928,8.720064870337753,9.42860639697229,8.21714515485098,7.786693986854402,7.889523805716584,7.781776250861691,7.989294208267606,7.888116222545619,8.093898669635596,8.299786271129687
CLK_Out_w3_rep9,0.0,0.4974660264712777,1.3492022606018763,2.1481631986987297,2.751177850340284,3.5170767975830524,4.296315682270821,4.625514101605043,5.302917417482711,6.134547005045302,6.259348033884195,7.20210063112333,7.638738717909142,7.650903466243179,7.942731597061248,7.572941646629051,7.53939256753982,7.507561550535805,7.243533355631682,6.634887491209618,6.836747219300798,6.4750604529048985,5.721452293567655,6.416524887609095,5.789827206474785,6.303899417007914
CLK_Out_w3_rep10,0.0,0.3038311762235135,0.8677686571809999,1.396819868479778,2.082857263922831,2.620024800634765,3.0932337821021374,3.6254736188893046,4.493728386488034,5.004487317655534,5.729520295420429,6.154245358861851,6.806012363947071,6.736347183172855,7.324015945109592,7.546625149585258,7.997674079626846,7.365332611359979,7.016317932085783,7.108363332362071,7.453373365341418,7.560677409004752,7.2333642774785085,6.829837346333699,7.293785808933692,7.266465614018839
CLK_Out_w3_rep11,0.0,0.3310821173875967,0.5604314402664137,0.859846087771188,1.244460971662542,1.614633720676552,2.0750403355083105,2.5054672503316318,2.913863259454281,3.360406677448973,3.9065279369268815,4.308372995071695,4.548968855603189,4.865653236681838,4.975923112584948,5.0320866492459535,5.424134068264109,5.9102265927507975,5.753318819321298,5.857354537001299,6.185919804350192,6.121852720677058,5.837837531133424,7.001034797603159,7.01783380199455,7.258796004638551
W1118_w1_rep1,0.0,0.7035814001940708,1.2458227857558837,2.0716286523905967,2.9538102907275503,3.731506033512889,4.44116667310277,5.147068439007558,5.831789135302906,6.416428468431785,7.116428664136061,7.7323200381131,8.446403081095381,8.708280636552088,8.971240879543844,9.31001600012648,9.644054676232926,9.997673116556651,9.997801077334708,10.318506355859206,10.38187433736132,10.502796389300904,10.26945318487914,10.347641402645497,10.103092877143034,9.969065781969729
W1118_w1_rep2,0.0,0.5246966267495572,1.146802297037826,1.7164919972859387,2.427542945860057,3.272286893138521,4.056461134171947,4.881270615105105,5.52469641914296,6.416268679304718,6.908445526757624,7.554791818330311,8.217647918784177,8.694448570550204,9.161902283942112,9.418665153296915,9.481699195181395,9.553388411770866,9.475056905018462,9.8189120599485,9.885988024768547,9.632548601973577,10.085310843411753,9.58988478477378,9.24199491995164,9.426496449671149
W1118_w1_rep3,0.0,0.4724346808485539,0.9661468779516093,1.5559255389568094,2.272149619942484,2.950226637622375,3.506853998094124,4.104190801401241,4.8953226631242615,5.554894522986006,6.170616927683263,6.672889750621953,7.291824108630817,7.929577299680047,8.370845334714474,8.69813381036061,9.11580289993018,9.476089688713325,9.603747913088606,9.07511389829231,8.259716122050698,8.61713914907125,8.396090381230112,9.08042347452177,8.930565192720815,8.84977687636572
W1118_w1_rep4,0.0,0.3578448676112797,0.8568442404965686,1.4075841980795951,2.072460330628735,2.707509919495384,3.400612596772852,4.24512110320217,5.088557216825883,5.675621137771465,6.317742192581973,6.969356322421386,7.591399221985089,8.055576967734623,8.53301460760674,8.91377974565519,9.159679062446203,9.447776397033229,9.330667688155604,9.426384464398472,9.460936560297991,9.639580841792046,9.393615412427993,9.484070368142168,9.011111939875445,9.52469159571534
W1118_w1_rep5,0.0,0.578876629347405,1.219702019230053,1.8574890443555157,2.517495808511764,3.2456312165085457,3.9736840840306096,4.529993200951559,5.254274209014826,5.911319427780459,6.393282891590671,7.047577554582028,7.476612941884224,7.969355596495994,8.336726402073927,8.844046337776813,9.22017991762942,9.20318049969555,9.471093716739336,9.496501777688964,9.382836482830715,9.393746710312838,9.516244106246765,9.628847686572106,9.57471360393669,9.49255192783958
W1118_w1_rep6,0.0,0.5118366757272119,1.195423536932434,1.869568983005544,2.6256643808358437,3.353040202134576,4.075242056659381,4.753439537588648,5.53888117419743,6.229916882210544,6.785045714445458,7.596826283257714,8.1397512392341,8.718333759035797,9.28504343133884,9.541726750883427,9.869020571098384,9.613581538891196,9.94552592562012,9.815675927581143,9.20603855432693,8.889989715768236,8.948037421291628,9.07994717645077,8.911241199164056,9.213243234695431
W1118_w1_rep7,0.0,0.4708420084938425,0.997086439909174,1.530161005147795,2.2550235924871376,2.889810771776693,3.4714635152760387,4.273991468386142,4.667512445593954,5.225377563006731,5.860394415112335,6.405958884153089,7.236502376193407,7.545079591312776,8.090677457598842,8.41396505209785,8.828442549668287,8.896230181140094,9.133975035130344,9.160635539422303,8.938693159284032,8.957865243646513,8.977005237043755,8.221756322450865,9.10670235695077,9.276531231243938
W1118_w1_rep8,0.0,0.5144122066721544,1.0302168032046175,1.642770624096297,2.269205573696912,2.968000993003015,3.709903410803804,4.43155373995491,5.163231658717741,5.840679771546142,6.5604754883817575,7.147946332559979,7.981540929168334,8.24128611166675,8.302878158934195,8.343503452660858,9.19679373092746,8.974726327854107,8.55682817144028,8.834459243862595,9.12864016480841,8.936541600068923,8.944202846287267,8.87345182811525,8.746805913925229,8.918033546273545
W1118_w1_rep9,0.0,0.0895581911388966,0.4321182281481504,0.738098206979331,1.1960974019766768,1.6816615862015944,2.3307143471827096,3.0432231709365,3.4034957009083358,4.127371098057049,4.791461606953602,5.3535156072280525,5.859592117411129,6.3849570513334095,6.97009252205987,7.195006401767024,7.644518401489749,7.854778847288429,8.10595778914838,8.098709303774411,8.325905003289844,8.343793385719458,8.568245817293032,8.452123505371057,7.792646068119897,8.342340934610085
W1118_w1_rep10,0.0,0.6504404983494632,1.3723195855736254,1.942538249855141,2.807665087745445,3.1212086402587764,3.440463100695069,4.11347797628938,4.631567210265729,4.866800740941439,5.162159664288829,5.376894258586402,4.606541675950184,4.233656697077392,5.368469100537949,6.102430926246177,5.123109053440234,5.805098682643253,6.156203757950847,5.99869228521365,5.896759558965355,6.101207622000299,4.911793724771075,5.702864438830964,5.946318330049821,6.054174180319558
W1118_w1_rep11,0.0,0.912096614683138,1.80564602510594,2.590981122221634,3.413442974680412,4.339229581820263,5.288132837984858,6.08907544549934,6.725419271278982,7.526203426778887,7.998580758115384,8.242717830455955,8.468523144347383,8.759500043616232,8.965323019009107,8.617027435959532,9.046992787647213,8.99155962898384,8.930049859455128,8.961469245679273,8.862622140833441,9.560129624799274,9.614802355164338,9.711077222963848,9.880591394398682,10.07753012348462
W1118_w1_rep12,0.0,0.6598064848324402,1.339741847022263,2.172545797377018,3.062029710073251,3.758549841881748,4.548801157897084,5.202213595930039,6.145581167636827,7.103637665882991,7.305418758679007,7.616634822778419,8.163982045809064,7.856947828449392,7.899028118071713,7.819179718360754,7.863974635739061,7.6615360288862835,7.858369679834066,8.135113956934292,8.123206895438098,8.384086254657822,8.635150841638888,9.08930309004181,8.600485378395677,9.22155228766395
W1118_w1_rep13,0.0,0.6331929136751488,1.3613693239456088,2.097464454716933,2.789710436291536,3.5799286987639,4.278127803322024,4.989832196845275,5.828083065296503,6.8024677294399645,7.039682101689847,7.524314220428948,8.17150020357486,8.612457175407842,8.732589016724852,8.500634531946158,8.81695996186157,8.618072972048862,9.397417060406084,9.116789309675957,9.628414255442172,9.40050992185422,9.261908128633973,9.185512989826876,8.799528855356172,8.968229582281069
W1118_w3_rep1,0.0,0.5480927220374117,1.1203487898718534,1.718815058578664,2.298171790265632,2.9426339298425086,3.618201199224731,4.452692665967526,5.068966035799395,5.615977660189078,6.264197359773374,6.975581072641532,7.607228130871045,7.916352712208724,8.562428957182764,8.423439747886373,8.933722045192766,8.601661469089777,9.175598372028809,9.084177718835669,9.111982376307274,8.406507515774361,8.532074771933429,8.176683572191537,8.518375729543616,8.6314896037755
W1118_w3_rep2,0.0,0.2785179112021373,0.7203603563438818,1.189117020497207,1.7039876240689489,2.286126606998164,2.5820304556500604,3.332485715061092,3.9948218790506296,4.590133008789643,5.523644001467568,5.926728658690062,6.693790720014821,6.888968234711604,6.94735558595516,7.289121339779253,6.855609076011451,7.078084542997839,7.277180608151754,7.283539939956088,7.0030043754934495,7.8025885587342465,7.1072639589309,8.002100934430883,7.157366963446348,8.127542019521925
W1118_w3_rep3,0.0,0.3025535285885547,0.8530713227310425,1.4085878072541234,1.9395820559793573,2.541484742824447,3.215659900372066,3.807936062200091,4.493478720541182,5.303171691172857,5.915589157034416,6.716240341606723,7.373326918301338,7.696040109128639,8.281234011917443,8.817269529796913,9.277382611434264,9.42783370378204,9.568333798238829,9.617447852509551,9.916400558349904,9.956828687613974,9.5410538430078,9.466576045965365,10.150014893932076,8.813201136646914
W1118_w3_rep4,0.0,0.3111736494682608,0.5921600855020641,1.0521616238213405,1.2148282140536462,1.6247711309228912,1.8729730870143892,2.57205374253232,2.9820346748833835,3.5477642156645324,3.923763288183494,4.464107895620871,4.921289471011131,5.400315960239318,5.705476451860687,6.046502308450343,6.190982384332512,6.350550237882549,6.701256455384041,6.742811792264678,7.309851882164549,7.467789261501437,7.781963729534491,7.520422783633639,7.7760848991637985,7.262565884892263
W1118_w3_rep5,0.0,0.2849278708535346,0.569149820695462,0.876576997183812,1.1009934314444674,1.4580513477251036,1.8379400375902728,1.924469606118374,2.2109285760102315,2.4565982617454982,2.761630278523081,2.8723376204303013,3.2561483263522435,3.8631844229789594,3.999337193642665,4.287401734432248,4.637438411880282,4.97027119470126,5.501733947990706,5.813233674454551,5.584101594715788,5.767319734937076,6.016839871948992,6.410836086766057,6.666739989489886,7.047655946066791
W1118_w3_rep6,0.0,0.4464723365812535,0.88795295535366,1.5708787844412204,2.122673426114508,2.8445361980388792,3.5246087526263183,4.163325556518945,4.854089732132528,5.356530411481652,6.0676295498058,6.623199552223345,7.129929335872718,7.430221104564704,7.779952842599656,8.036070797997406,8.16736116381806,8.3516215753952,8.297168350951477,7.93275390156144,8.325854398020775,8.82077134821543,8.50531410012422,8.486087298336706,8.21106328754486,8.102889517037864
W1118_w3_rep7,0.0,0.387753967999766,0.8971786450885506,1.5809388909736612,2.124412447103066,2.8637795646246555,3.582201047337703,4.45327076819837,5.162169426695261,5.944486934958624,6.493027881110809,7.090803094668743,7.62788310111589,8.236159006803256,8.783530995515473,8.966468971598903,8.335323725359604,8.961238219534918,8.905579909854518,8.88567230012109,9.091169502994186,9.41096916646886,9.444489866174898,9.505928070156813,9.490440474577994,9.515376540602292
W1118_w3_rep8,0.0,0.3830379862611739,1.0674738969955442,2.172216690705552,2.147725126999311,3.2221074473802864,3.722468832571757,4.544066112782108,5.504377885548843,6.42655868360862,7.724220224847813,7.620593573034681,7.420161623403461,7.2011784247482336,8.401999366853047,8.511807829704116,8.591095653094722,8.89867883002032,9.071423473510828,9.211582129447672,8.769637567126086,9.151519789502249,9.480276881429567,9.580496051095142,9.900332373506023,9.682373737373736
W1118_w3_rep9,0.0,0.523466435141595,1.0690079131986725,1.816415781527318,2.374792840976404,3.08810183753881,3.6742707801418986,4.228581436623715,4.683797384221679,5.340313501621511,5.704678313922793,5.952350018538935,6.340335031395609,6.909208090468816,7.443731845513748,7.38015808412443,7.304438787044628,6.65957301749922,7.409145791680177,7.663957948520154,7.598376830576399,7.496953931794644,7.31210956552552,7.632332350350225,6.862934071891346,6.887966023513466
W1118_w3_rep10,0.0,0.5761668932317746,1.1092125855733097,1.740859462240771,2.2598598226237447,2.8155679770000903,3.369915253040808,3.922606415506847,4.331842690913732,5.169083007997598,5.76053271386135,5.517182847943458,5.81141839206237,6.398523123568135,6.101897951448466,6.836924106327549,7.205733279225947,7.663469380125944,7.543365838421742,7.214923787852523,7.214425782505139,7.453993765621638,6.690768693582443,6.869107524724868,7.089771663542734,7.720652925660922
